[
  {
    "id": "7e150f35-bd73-4e0b-861a-631daa852c4b",
    "data": [
      {
        "text": "never mind",
        "userDefined": false
      }
    ],
    "isTemplate": false,
    "count": 0
  },
  {
    "id": "b77fdca0-9f7c-45c4-b57f-93bc5f28e094",
    "data": [
      {
        "text": "quit",
        "userDefined": false
      }
    ],
    "isTemplate": false,
    "count": 0
  },
  {
    "id": "e72bc4a5-5f8e-41ac-95af-153dc2b51c27",
    "data": [
      {
        "text": "bye",
        "userDefined": false
      }
    ],
    "isTemplate": false,
    "count": 0,
    "updated": 1509822590
  },
  {
    "id": "dd499ad2-62a4-4c41-ba2b-6ab2d5c3d129",
    "data": [
      {
        "text": "ok thanks",
        "userDefined": false
      }
    ],
    "isTemplate": false,
    "count": 0,
    "updated": 1509822590
  }
]