[
  {
    "id": "c42eef89-6ff2-4243-8173-fccd844bbbd5",
    "data": [
      {
        "text": "What are my cash withdrawals?",
        "userDefined": false
      }
    ],
    "isTemplate": false,
    "count": 0,
    "updated": 1509666854
  },
  {
    "id": "d1a7efd1-f2c0-451f-8b4d-f0cc127ace36",
    "data": [
      {
        "text": "Did I make any cash withdrawals recently?",
        "userDefined": false
      }
    ],
    "isTemplate": false,
    "count": 0,
    "updated": 1509666854
  },
  {
    "id": "5a8c6c31-13fc-44e1-880b-1b308c54265b",
    "data": [
      {
        "text": "Did I use the ATM recently?",
        "userDefined": false
      }
    ],
    "isTemplate": false,
    "count": 0,
    "updated": 1509666854
  },
  {
    "id": "d3ae8b3e-c5be-4dd2-b0f1-b718b6bc7a65",
    "data": [
      {
        "text": "Did I have any ATM withdrawals recently?",
        "userDefined": false
      }
    ],
    "isTemplate": false,
    "count": 0,
    "updated": 1509666854
  },
  {
    "id": "5b69b3b1-d268-4c10-956b-9aac5fc8903c",
    "data": [
      {
        "text": "What were my recent ATM transactions?",
        "userDefined": false
      }
    ],
    "isTemplate": false,
    "count": 0,
    "updated": 1509666854
  }
]