[
  {
    "id": "d1632e53-917e-47b3-a20c-bd2ad7f6c268",
    "data": [
      {
        "text": "Any charges for ATM use?",
        "userDefined": false
      }
    ],
    "isTemplate": false,
    "count": 0
  },
  {
    "id": "48194ed5-ac61-4651-bd61-02f2408aeb20",
    "data": [
      {
        "text": "What ATM Fees did I incur?",
        "userDefined": false
      }
    ],
    "isTemplate": false,
    "count": 0,
    "updated": 1509753246
  },
  {
    "id": "bb9f37e0-8dd0-4fa1-9864-229c4038c63c",
    "data": [
      {
        "text": "Was I charged a fee recently for ATM?",
        "userDefined": false
      }
    ],
    "isTemplate": false,
    "count": 0,
    "updated": 1509753246
  },
  {
    "id": "12708cc5-9a63-4374-b7e0-4ae5e435c41c",
    "data": [
      {
        "text": "Was there an ATM fee?",
        "userDefined": false
      }
    ],
    "isTemplate": false,
    "count": 0,
    "updated": 1509753246
  },
  {
    "id": "47765d05-2ed0-43a4-8283-177225615140",
    "data": [
      {
        "text": "Did I get charged an ATM fee",
        "userDefined": false
      }
    ],
    "isTemplate": false,
    "count": 0,
    "updated": 1509753246
  }
]