[
  {
    "id": "385de478-85e9-4330-8f60-5629eb0b6e9b",
    "data": [
      {
        "text": "Where\u0027s my pay ",
        "userDefined": false
      },
      {
        "text": "from last two weeks",
        "alias": "period",
        "meta": "@sys.date-period",
        "userDefined": false
      }
    ],
    "isTemplate": false,
    "count": 0
  },
  {
    "id": "068398c1-ed9f-4261-b671-8d57e20e7a5d",
    "data": [
      {
        "text": "Did I get paid?",
        "userDefined": false
      }
    ],
    "isTemplate": false,
    "count": 0,
    "updated": 0
  },
  {
    "id": "43777e9b-f13b-4be6-bafc-eb359e7300d0",
    "data": [
      {
        "text": "is my pay here?",
        "userDefined": false
      }
    ],
    "isTemplate": false,
    "count": 0,
    "updated": 1509149451
  },
  {
    "id": "d336cd8f-7e05-4e4e-a473-248defa59815",
    "data": [
      {
        "text": "did I get my pay",
        "userDefined": false
      }
    ],
    "isTemplate": false,
    "count": 0,
    "updated": 1509149451
  },
  {
    "id": "e7911801-2ec5-4919-a662-399ab187ca99",
    "data": [
      {
        "text": "Did I get my paycheck for ",
        "userDefined": false
      },
      {
        "text": "this month",
        "alias": "period",
        "meta": "@sys.date-period",
        "userDefined": false
      },
      {
        "text": "?",
        "userDefined": false
      }
    ],
    "isTemplate": false,
    "count": 0,
    "updated": 1509051498
  },
  {
    "id": "5b013eb6-daae-46c9-9e0e-7f7d784aa93a",
    "data": [
      {
        "text": "Did my paycheck arrive ",
        "userDefined": false
      },
      {
        "text": "last week",
        "alias": "period",
        "meta": "@sys.date-period",
        "userDefined": true
      },
      {
        "text": "?",
        "userDefined": false
      }
    ],
    "isTemplate": false,
    "count": 0,
    "updated": 1509051498
  },
  {
    "id": "2c30ce77-86d5-464e-85e5-1b29d243c7fd",
    "data": [
      {
        "text": "Did I get my salary?",
        "userDefined": false
      }
    ],
    "isTemplate": false,
    "count": 0,
    "updated": 0
  },
  {
    "id": "8dc05868-ccad-4257-b2a8-aeb4412e9978",
    "data": [
      {
        "text": "Is my pay check here?",
        "userDefined": false
      }
    ],
    "isTemplate": false,
    "count": 0,
    "updated": 0
  },
  {
    "id": "1ab55903-8cb2-4fc7-899c-d3940f8316c6",
    "data": [
      {
        "text": "where\u0027s my pay check?",
        "userDefined": false
      }
    ],
    "isTemplate": false,
    "count": 0,
    "updated": 0
  },
  {
    "id": "47f58035-4560-445c-a98f-2487687184a5",
    "data": [
      {
        "text": "Where\u0027s my paycheck?",
        "userDefined": false
      }
    ],
    "isTemplate": false,
    "count": 0,
    "updated": 0
  },
  {
    "id": "ca1fb43f-3b60-4de7-aa51-b1f2fcaec7e4",
    "data": [
      {
        "text": "Did my check arrive?",
        "userDefined": false
      }
    ],
    "isTemplate": false,
    "count": 0,
    "updated": 0
  },
  {
    "id": "dec196c1-981f-4fb2-b61d-9e15aa485f9b",
    "data": [
      {
        "text": "Is my pay deposited?",
        "userDefined": false
      }
    ],
    "isTemplate": false,
    "count": 1,
    "updated": 0
  },
  {
    "id": "47b70b01-b567-4599-b3a7-873eb8c76336",
    "data": [
      {
        "text": "did my paycheck arrive?",
        "userDefined": false
      }
    ],
    "isTemplate": false,
    "count": 0,
    "updated": 0
  }
]