[
  {
    "id": "1a4f9d50-eb89-443a-b545-9b1d232f8f4d",
    "data": [
      {
        "text": "Is there a cash machine near?",
        "userDefined": false
      }
    ],
    "isTemplate": false,
    "count": 0
  },
  {
    "id": "261c0309-4946-408c-a6a5-3f4a074151dc",
    "data": [
      {
        "text": "Tell me about near ATMs",
        "userDefined": false
      }
    ],
    "isTemplate": false,
    "count": 0
  },
  {
    "id": "64ca1c15-51d7-46d0-832d-6de50b203d9c",
    "data": [
      {
        "text": "Is there a free ATM nearby?",
        "userDefined": false
      }
    ],
    "isTemplate": false,
    "count": 0,
    "updated": 1510284923
  },
  {
    "id": "bad450cd-4a85-4ddf-b503-3a5dd5347b4f",
    "data": [
      {
        "text": "Where can I withdraw cash?",
        "userDefined": false
      }
    ],
    "isTemplate": false,
    "count": 0,
    "updated": 1510284923
  },
  {
    "id": "d4dbf1a2-9db1-44c0-b405-9f13c05b030b",
    "data": [
      {
        "text": "ARe there ATMs close by?",
        "userDefined": false
      }
    ],
    "isTemplate": false,
    "count": 0,
    "updated": 1510284923
  },
  {
    "id": "362523c7-16f5-438a-a337-2a9367bdb40f",
    "data": [
      {
        "text": "Where\u0027s the closest ATM?",
        "userDefined": false
      }
    ],
    "isTemplate": false,
    "count": 0,
    "updated": 1510284923
  }
]