[
  {
    "id": "b831ea9f-8361-4eb2-a958-db6300d20de8",
    "data": [
      {
        "text": "Can I expect to be paid soon?",
        "userDefined": false
      }
    ],
    "isTemplate": false,
    "count": 0,
    "updated": 1509753397
  },
  {
    "id": "718b265d-9519-4b74-8bd8-949185439c8d",
    "data": [
      {
        "text": "Is my paycheck coming soon?",
        "userDefined": false
      }
    ],
    "isTemplate": false,
    "count": 0,
    "updated": 1509753397
  },
  {
    "id": "52b0fbfc-d4e9-4c97-b640-f567e8c4a923",
    "data": [
      {
        "text": "When do i get my paycheck?",
        "userDefined": false
      }
    ],
    "isTemplate": false,
    "count": 0,
    "updated": 1509753397
  },
  {
    "id": "6d70c958-c0e1-480c-964e-97e7ec4018b1",
    "data": [
      {
        "text": "When do I get my pay?",
        "userDefined": false
      }
    ],
    "isTemplate": false,
    "count": 0,
    "updated": 1509753397
  },
  {
    "id": "556a9da5-2a68-4485-805b-2253727781db",
    "data": [
      {
        "text": "Does my paycheck come ",
        "userDefined": false
      },
      {
        "text": "next week",
        "alias": "date-period",
        "meta": "@sys.date-period",
        "userDefined": false
      },
      {
        "text": "?",
        "userDefined": false
      }
    ],
    "isTemplate": false,
    "count": 0,
    "updated": 1509753397
  },
  {
    "id": "17cbba5b-5f43-43c0-9a76-8ade837335e9",
    "data": [
      {
        "text": "When do I get paid?",
        "userDefined": false
      }
    ],
    "isTemplate": false,
    "count": 0,
    "updated": 1509753397
  },
  {
    "id": "dcda413e-d6a6-46a6-a9d9-8e76ed21b5ff",
    "data": [
      {
        "text": "When does my paycheck arrive?",
        "userDefined": false
      }
    ],
    "isTemplate": false,
    "count": 0,
    "updated": 1509753397
  }
]