[
  {
    "id": "843b428c-3202-4e3d-a99b-4baa18583717",
    "data": [
      {
        "text": "What are my upcoming bills?",
        "userDefined": false
      }
    ],
    "isTemplate": false,
    "count": 0
  },
  {
    "id": "fbc2cd21-d317-497d-a048-214dd7e688dd",
    "data": [
      {
        "text": "What are my next bills?",
        "userDefined": false
      }
    ],
    "isTemplate": false,
    "count": 0
  },
  {
    "id": "8172cc73-e1d4-4204-84c8-f1c1d832525a",
    "data": [
      {
        "text": "What are my bills?",
        "userDefined": false
      }
    ],
    "isTemplate": false,
    "count": 0
  },
  {
    "id": "8fc3e6e1-731d-4386-a569-5c0c858a8168",
    "data": [
      {
        "text": "what are my upcoming payments?",
        "userDefined": false
      }
    ],
    "isTemplate": false,
    "count": 0
  }
]