[
  {
    "id": "81c5e580-fdb2-461f-8f3b-78ddd10a3c21",
    "data": [
      {
        "text": "Pay ",
        "userDefined": false
      },
      {
        "text": "comcast",
        "alias": "merchant",
        "meta": "@merchant",
        "userDefined": false
      }
    ],
    "isTemplate": false,
    "count": 0
  },
  {
    "id": "f053a26f-0cf3-4a86-9211-1d1be2b85dbb",
    "data": [
      {
        "text": "I\u0027d like pay ",
        "userDefined": false
      },
      {
        "text": "comcast",
        "alias": "merchant",
        "meta": "@merchant",
        "userDefined": false
      }
    ],
    "isTemplate": false,
    "count": 0
  },
  {
    "id": "502c833c-7583-4db8-a846-ce2fa4afa822",
    "data": [
      {
        "text": "I want to send payment",
        "userDefined": false
      }
    ],
    "isTemplate": false,
    "count": 0
  },
  {
    "id": "b39039bb-4982-4d8b-8af7-afd47abecafa",
    "data": [
      {
        "text": "can I pay a bill",
        "userDefined": false
      }
    ],
    "isTemplate": false,
    "count": 0
  },
  {
    "id": "202a4919-0c92-4354-b47b-0f707f572b4e",
    "data": [
      {
        "text": "send ",
        "userDefined": false
      },
      {
        "text": "Verizon",
        "meta": "@sys.ignore",
        "userDefined": false
      },
      {
        "text": " ",
        "userDefined": false
      },
      {
        "text": "400 bucks",
        "meta": "@sys.ignore",
        "userDefined": true
      }
    ],
    "isTemplate": false,
    "count": 0,
    "updated": 1505408241
  },
  {
    "id": "7939865d-2b77-47b0-a391-a80dbaf4fdd9",
    "data": [
      {
        "text": "send ",
        "userDefined": false
      },
      {
        "text": "Verizon",
        "alias": "merchant",
        "meta": "@merchant",
        "userDefined": false
      },
      {
        "text": " ",
        "userDefined": false
      },
      {
        "text": "$ 400",
        "alias": "payment",
        "meta": "@sys.unit-currency",
        "userDefined": true
      }
    ],
    "isTemplate": false,
    "count": 0,
    "updated": 1505408225
  },
  {
    "id": "59b16a45-7f8a-4446-bd6d-ec79eaeda3ce",
    "data": [
      {
        "text": "pay ",
        "userDefined": false
      },
      {
        "text": "500",
        "alias": "payment",
        "meta": "@sys.unit-currency",
        "userDefined": false
      },
      {
        "text": " bucks to ",
        "userDefined": false
      },
      {
        "text": "comcast",
        "alias": "merchant",
        "meta": "@merchant",
        "userDefined": false
      }
    ],
    "isTemplate": false,
    "count": 0,
    "updated": 1505407244
  },
  {
    "id": "30ff6885-1643-482b-8d0f-d6bc11d009d8",
    "data": [
      {
        "text": "pay ",
        "userDefined": false
      },
      {
        "text": "Comcast",
        "alias": "merchant",
        "meta": "@merchant",
        "userDefined": false
      },
      {
        "text": " ",
        "userDefined": false
      },
      {
        "text": "$ 30",
        "alias": "payment",
        "meta": "@sys.unit-currency",
        "userDefined": true
      }
    ],
    "isTemplate": false,
    "count": 0,
    "updated": 1505407131
  },
  {
    "id": "1a262359-25ad-453c-87ad-43099db5e243",
    "data": [
      {
        "text": "pay ",
        "userDefined": false
      },
      {
        "text": "Comcast",
        "alias": "merchant",
        "meta": "@merchant",
        "userDefined": false
      },
      {
        "text": " ",
        "userDefined": false
      },
      {
        "text": "$ 400",
        "alias": "payment",
        "meta": "@sys.unit-currency",
        "userDefined": true
      },
      {
        "text": " ",
        "userDefined": false
      },
      {
        "text": "tomorrow",
        "alias": "date",
        "meta": "@sys.date",
        "userDefined": false
      }
    ],
    "isTemplate": false,
    "count": 0,
    "updated": 1505407115
  },
  {
    "id": "362e3341-4a25-44c1-8896-e3bb30d2713f",
    "data": [
      {
        "text": "pay ",
        "userDefined": false
      },
      {
        "text": "Verizon",
        "alias": "merchant",
        "meta": "@merchant",
        "userDefined": false
      },
      {
        "text": " ",
        "userDefined": false
      },
      {
        "text": "300",
        "alias": "payment",
        "meta": "@sys.unit-currency",
        "userDefined": true
      }
    ],
    "isTemplate": false,
    "count": 0,
    "updated": 1505407093
  },
  {
    "id": "5a05beb7-5ce3-4eb8-b678-7f2329c7b508",
    "data": [
      {
        "text": "pay ",
        "userDefined": false
      },
      {
        "text": "verizon",
        "alias": "merchant",
        "meta": "@merchant",
        "userDefined": true
      },
      {
        "text": " ",
        "userDefined": false
      },
      {
        "text": "300",
        "alias": "payment",
        "meta": "@sys.unit-currency",
        "userDefined": false
      },
      {
        "text": " ",
        "userDefined": false
      },
      {
        "text": "next friday",
        "alias": "date",
        "meta": "@sys.date",
        "userDefined": false
      }
    ],
    "isTemplate": false,
    "count": 0,
    "updated": 1505406916
  },
  {
    "id": "23bd7eee-ad47-4dda-9187-53ec782e6fbc",
    "data": [
      {
        "text": "send ",
        "userDefined": false
      },
      {
        "text": "verizon",
        "alias": "merchant",
        "meta": "@merchant",
        "userDefined": true
      }
    ],
    "isTemplate": false,
    "count": 0,
    "updated": 1505369146
  },
  {
    "id": "9da93667-b282-4aed-a068-36b68c6bb2a3",
    "data": [
      {
        "text": "pay ",
        "userDefined": false
      },
      {
        "text": "citibank",
        "alias": "merchant",
        "meta": "@merchant",
        "userDefined": true
      },
      {
        "text": " ",
        "userDefined": false
      },
      {
        "text": "$30",
        "alias": "payment",
        "meta": "@sys.unit-currency",
        "userDefined": true
      },
      {
        "text": " on ",
        "userDefined": false
      },
      {
        "text": "tuesday",
        "alias": "date",
        "meta": "@sys.date",
        "userDefined": true
      }
    ],
    "isTemplate": false,
    "count": 0,
    "updated": 1505365973
  },
  {
    "id": "36fa32e4-b6cf-49c0-865e-baf5a7ef2f27",
    "data": [
      {
        "text": "pay ",
        "userDefined": false
      },
      {
        "text": "mary",
        "alias": "merchant",
        "meta": "@merchant",
        "userDefined": true
      }
    ],
    "isTemplate": false,
    "count": 0,
    "updated": 1505365973
  },
  {
    "id": "5a50dde1-acba-4961-a6f6-9102ab549045",
    "data": [
      {
        "text": "pay ",
        "userDefined": false
      },
      {
        "text": "$100",
        "alias": "payment",
        "meta": "@sys.unit-currency",
        "userDefined": false
      },
      {
        "text": " to ",
        "userDefined": false
      },
      {
        "text": "james",
        "alias": "merchant",
        "meta": "@merchant",
        "userDefined": true
      },
      {
        "text": " ",
        "userDefined": false
      },
      {
        "text": "tomorrow",
        "alias": "date",
        "meta": "@sys.date",
        "userDefined": false
      }
    ],
    "isTemplate": false,
    "count": 0,
    "updated": 1505365973
  },
  {
    "id": "01b805b0-06c4-4d23-a5a4-0158b6080ab4",
    "data": [
      {
        "text": "Pay ",
        "userDefined": false
      },
      {
        "text": "dolores",
        "meta": "@sys.ignore",
        "userDefined": false
      },
      {
        "text": " ",
        "userDefined": false
      },
      {
        "text": "$600",
        "alias": "payment",
        "meta": "@sys.unit-currency",
        "userDefined": false
      },
      {
        "text": " ",
        "userDefined": false
      },
      {
        "text": "today",
        "alias": "date",
        "meta": "@sys.date",
        "userDefined": false
      }
    ],
    "isTemplate": false,
    "count": 0,
    "updated": 1505365973
  },
  {
    "id": "03cccd01-3b4b-4a00-b0e9-ee625b3789b4",
    "data": [
      {
        "text": "Send payment to ",
        "userDefined": false
      },
      {
        "text": "amy",
        "alias": "merchant",
        "meta": "@merchant",
        "userDefined": true
      },
      {
        "text": " for ",
        "userDefined": false
      },
      {
        "text": "$450",
        "alias": "payment",
        "meta": "@sys.unit-currency",
        "userDefined": false
      }
    ],
    "isTemplate": false,
    "count": 0,
    "updated": 1505365973
  },
  {
    "id": "2a0d2024-7516-4a3f-815a-6495eb2c8d12",
    "data": [
      {
        "text": "Please pay mr. ",
        "userDefined": false
      },
      {
        "text": "joe",
        "meta": "@sys.ignore",
        "userDefined": false
      },
      {
        "text": " ",
        "userDefined": false
      },
      {
        "text": "$5400",
        "alias": "payment",
        "meta": "@sys.unit-currency",
        "userDefined": false
      }
    ],
    "isTemplate": false,
    "count": 0,
    "updated": 1505365973
  },
  {
    "id": "8d486834-50a1-425d-9135-9be3ce3de2c5",
    "data": [
      {
        "text": "pay ",
        "userDefined": false
      },
      {
        "text": "joe",
        "alias": "merchant",
        "meta": "@merchant",
        "userDefined": true
      }
    ],
    "isTemplate": false,
    "count": 0,
    "updated": 1505365973
  }
]